"SEQUENCE","Symbol","UL_GSM2496185","UL_GSM2496186","UL_GSM2496187","UL_GSM2496188","UL_GSM2496189","UL_GSM2496190","UL_GSM2496191","UL_GSM2496192","UL_GSM2496193","UL_GSM2496203","UL_GSM2496204","UL_GSM2496205","UL_GSM2496206","UL_GSM2496207","UL_GSM2496208","UL_GSM2496209","UL_GSM2496217","UL_GSM2496218","UL_GSM2496219","UL_GSM2496220","nonUL_GSM2496194","nonUL_GSM2496195","nonUL_GSM2496196","nonUL_GSM2496197","nonUL_GSM2496198","nonUL_GSM2496199","nonUL_GSM2496200","nonUL_GSM2496201","nonUL_GSM2496202","nonUL_GSM2496210","nonUL_GSM2496211","nonUL_GSM2496212","nonUL_GSM2496213","nonUL_GSM2496214","nonUL_GSM2496215","nonUL_GSM2496216","nonUL_GSM2496221","nonUL_GSM2496222"
"AAACGTTACAGTGTTCCGATGAGACACAGTAGGCAGTACTTGGGAGGGTC","DDX12",47.2,47.2,49.4,42.4846,41.6757,43.5,45.64,43.7,44.4,45.5,49.4,44.9,45.7,46.45,43.2231,47.9,47.15,51.3,48.2,41.9526,45.5,48.7333,48.8,56.06,43.3286,45.3167,49.4,43.5,43.4,49.825,48.8,47.9,44.55,49.75,46.325,47.075,49.5333,46
"AAAGCAGTGGTTTTCAGCTGCCAGAGGCCTGAGAGAGTTTGGGCATACTC","LOC23117",64.4,77.4462,73.219,70.5,64,61.7125,62.075,69.5778,65.3,77.6,61.3143,65.5,69.2,62.18,60.7,64.3556,62.5417,70.0154,79.9091,67.9143,86.3,68.28,64.64,66.2545,63.28,62.75,66.6462,60.8,66.0857,73.6208,67.7818,64.7111,69.6,65,65.925,61.0571,67.6,61.1
"AAGGACTCAGATGCAGGGTCTTCTCTGCTCCCCGTCACACAGAGGGTGGC","LOC653086",52.1,46.85,46.2,49.5333,48,51.2,46.6,50.6333,47.9,56.8,46,45.64,51.35,51.4,48.6667,50,54.3,47.775,41.86,52.6,52.9,50.5667,53.55,51.425,53.25,48.9,50.275,54.875,51.1333,52.675,51.0667,49.4667,51.0667,52.75,51,53.64,50.6333,51.5
"AAGTGGTGCCTGGCTGTCCCTATACTGTGCTGCTGGGTGTTCCAGCCTGT","KIAA0692",46.2,49.6,44.7,48.9,48.8,49.6,48.5,52.1,46.7,52.3,51.5,55.55,47.2,52.3,52.6,54.68,56.375,51.7,48.3,52.375,52.3,53.9,51.35,51.0667,48.8,49.6,54.125,52.9,51.8667,52.2,51.7,48.5,53.7,53.1,54,54.92,50.2,49.25
"AATAATAGAGTGTGGGAGTTTTGGGGCCGAAGTCTTTCCCGGAGCAGCTG","BDNF",57.5,51.5,61.65,61.175,59.6286,63.8222,60.2167,64.3429,71,59.2333,58.18,63.4,61.1,62.04,64.8,58.2333,69.12,60.7286,67.8,67.4,53.7,59.275,58.6333,60.4429,53.4,57.4,62.9333,64.1143,61.9,65.5857,61.8167,60.3714,70.6,54.3,78.3273,55.88,62.6857,62.04
"ACATGTGCTGTCACTGGAACTTGCTCTTTTCACTCAGCAGCCAGAGGGTC","DDX12",43.2,42.0724,42.7615,48.6667,51.85,48.6,50.35,48.3,46.7,51,48.3,46.1,51.6,49.2,47.4333,48.7333,55.2,51.1333,51.0667,48.6,43.14,51.65,47.9,49.6,50.425,51.05,50,50.5667,52.8,51.425,51.1333,51.85,50,49.6,48.8,52.95,48.9,49.5333
"ACTGCCTGTGTGGCTCCTTGAGTGCGCGGAGGCCAAAGCTGAGATGACTT","LOC339047",63,55.7,58.7667,52.2,54.8,52.95,51.425,58.42,52.9,51.2,51.3,56.48,49.1,49.6,51.3,54.425,51.96,52.825,48.95,51.8,52.3,49.4,54.95,53.4,51.65,52.525,52.6,51.5,52.225,52.675,56,52.2,48.9,54.2,46.85,54.575,50.5,48.5
"AGCAGCACATCGTCATTTTACAATTGAGAAACATGGAGACTCCAAATGGA","LOC653086",45.5,48.3,47.6,47.7,46.3,44.4333,45.88,48.95,47.4333,45.025,43.1727,46.575,46.5333,48.3,49.8,45.3167,49.9,43.2818,46.1,44.9,48.6,48,50.85,43,47.075,46.7,49.325,43.1308,46.575,45.1,44.3167,46.925,48.7333,49.25,47.7,43.7333,47.2,48.1
"AGCCTCTGTTCCCCTAGTAAGTGCCTTCCATGTCGGCCTCTAACCCCAGG","PLEC1",395.3,472.5415,339.4526,382.6455,308.5764,236.9307,198.8457,127.3545,169.0763,57.5,432.0849,203.9831,202.8857,197.475,187.8896,455.9,566.3928,299.98,167.3,777.6495,565.725,493.3668,427.1829,459.931,367.3603,347.2614,263.4637,188.4959,214.159,1131.7058,568.7648,314.8343,248.8772,273.086,247.32,726.3827,333.9169,164.6
"AGCTCCACCTTGACCCAGCCTCACAACAAAAAGTTTGTGTATGACCAGGC","KIAA0692",49.7,55.7,57,66.1636,61.9778,68,66.1,62.6,56.9,71,62.0167,65.6,71,78.0545,67.4857,63.7,67.4,74.8647,64.64,60.1125,49.5,59.15,57.1333,70.3143,61.0571,61.9875,76.2818,64.9429,63.6,69.3222,57.58,70.8769,60.425,77.1,62.3667,58.7,69.8571,59.5
"AGCTGCAGGGGTCCTCTGTGAACTTGCTCAGGACAAGGAAGCTGCAGAAG","CTNNB1",4742.3,3302.9018,3239.9835,2694.4572,4329.4024,2212.7663,2349.6953,3868.5521,4720.0408,56.6,2104.1954,2984.8842,4542.3102,2943.6535,2356.148,2569.9042,1461.1724,2194.4782,2802.5751,1277.317,1819.0576,1590.1865,1589.6078,1780.0956,2641.8803,1371.1857,1711.344,1509.7454,1832.1853,1300.1667,1612.5461,1383.7698,2141.9502,1986.5859,2006.4213,1632.0421,2194.8792,2451.2007
"AGGCCCTGGAGGCTGCAACATACCTCAATCCTGTCCCAGGCCGGATCCTC","MMP11",13478.5,8300.2949,6096.7978,8858.7194,3590.9747,4141.8642,15286.3475,5414.0117,3713.3113,3135.0166,4134.7076,3557.5782,235.9674,1338.7133,669.8036,1875.99,5787.4348,2149.209,2082.5056,1505.9771,375.4297,234.3021,1388.8261,384.0526,136.1964,223.6452,318.0545,1683.5592,627.1667,270.6324,298.4438,227.8305,327.5916,75.975,84.25,199.3587,660.8944,443.3895
"AGTCTCTCGTAGTGTTAAGTTATAGTGAATACTGCTACAGCAATTTCTAA","CTNNB1",81.9,74.975,65.05,85.9156,80.7103,59.1857,101.7349,53.4,59.8,171.9286,113.05,79.0909,48,53.625,56.225,51.2,87.7,55.475,48.2,72.5,62.1333,62.46,71.175,75.2053,54.35,58.8333,67.7231,51.3,49.4667,68.6222,79.3826,66.1636,50.6,49.6,56.075,46.94,59.72,49.75
"AGTGCCCACATCACACAGCATCTAGCACGTAACTGCACCCCGGGAGTCGT","LOC339047",53.7,56.3,53.1,52.6,58.9,52.3,49.9,52.1,44.4,54.35,49.2,50.7,48.7333,48.225,52.7,51.1333,52.9333,55.55,49.6,54.125,55.25,48.6667,47.5,50.6,50.2,49,55.28,58.26,52.5,51.0667,48.3,53.975,52.3,51.35,54.5,55.64,54.2,47.4333
"AGTGGGCAGAATGATGAGGGAAGTGGGCACGTGCCCATGTTCTTCTTGGC","LOC202134",50.5,50.4,47.5,48.525,54.38,48.375,53.4,52.2,55.925,59.8,51.3,53.475,51,53.4,51.9333,49.7,51.74,51.95,50,49.6,49.6,54,52.3,48.5,48.075,50.4,54.86,49.1,53.3,51.6,46.575,53.1,52.3,53.8,48.7333,53.46,51,52.3
"AGTGTTGGGACTACAGGTGTGTGTTACTGCTCCCAGCTGGGAGGCAGGCT","LOC653086",52.9,54.7,56.8,52.9667,52.45,55.52,52.3,55.7,55.175,55.6,53.975,51.85,50.85,54.8,48.7333,54.56,58,50,48.7333,59.7,50.2,54.7,54.7,55.775,51.2,53,51.3,53.2,52.9,62.72,48.4,51.1333,55.7,58.6333,53.3,50.5667,54.725,56.45
"ATGTACGTGGGGGATTCTTGACTCGGGTTAGTCTCTGGGGATGCAGAGCC","BDNF",53.4,55.4,53.0333,57.08,51.575,54.56,57.58,61.65,57.475,65.8,58.58,57,63.36,55.55,64.5333,57,55.7429,56.92,57.1,57.65,59.8,57.1333,57.4,53.9,52.5,58.3667,56,65.6571,57.4,54.425,55.25,57.2667,57.475,65.8,58.3,70.1385,54.8,63.08
"CAAACCCTTGAAGACATTTCAGGGCCATGCTCACTTGGGAGGGTTTGAGG","LOC202134",60.1,58.1,60,49.4667,53.4,55.64,51.425,56.075,53.7,58.3667,52.75,51.7,73.4125,51.5,62.46,57.52,54.5,55.475,56.7333,55.7,60.05,64.1333,57.1333,56.12,53.75,55.625,49.325,59.6,55.85,50.6,54,51.8,57.2667,61.65,52.6,54.275,52.825,55.3
"CAAACTTTACAGAGGAGAATGCCCTGTTTGTTAACCATGTTTCTTTTGGC","CTNNB1",72.2,60.05,64.1778,55.7,63.36,50.2,49.325,64.1143,54.575,49.5333,52.675,59.2,50.85,49.2,51.5,54.5,54.85,48.8,48.4,48.6,52.9,50.2,51.35,54.8,54.95,49.9,53,50.275,49.25,55.4,51.9,53.4,48.8,46.3667,47.6,50.1,52.1,51
"CAGACTTCTCGCTTCCTTTCTGCTGGGCCTCTGAGGGGTCATGGGGCCAT","DDX12",51.7,47.4333,49.8,57,62.1333,57.6,58.0333,51.9333,59.8,58.1,58.18,60.9714,61.65,60.4,59.7,57.9667,58.4556,50.6333,59.48,58.1667,50.35,56.6,58.5,60.6571,57.08,58.3,64.2909,60.7167,59.56,56.48,58.58,57.2,58.8,56.2,59.72,59.1857,63.4,54.5
"CAGATGTTTTCCCTTGTGGCAGTCTTCAGCCTCCTCTACCCTACATGATC","ADH1A",631.7,704.7906,522.7641,873.7774,1157.7951,640.421,84.7815,517.4354,660.4538,450.4612,291.4388,659.0959,320.9778,153.0727,1503.1312,54.35,171.5577,568.2348,260.6355,1947.6415,3647.8013,3085.5583,3029.5642,3728.1204,7727.8238,4506.2556,1936.0233,2893.8388,1104.3257,1797.6015,2816.2083,3293.8851,3213.5899,1998.1553,1997.9364,1944.2398,6855.9959,275.2883
"CAGCCCTGGGGACACACTGCCCTGGAACCTTGGGAAAACGCAGCGGAGCC","PLEC1",65.5,64.8,61.16,61.325,64.2909,68.5833,62.25,74.4636,72.5273,63.4667,62.1333,61.1429,68,61.04,65.3,70.1273,63.6267,60.2,59.15,65.4923,55.25,69.26,65.3,68.5,73.4571,67.1,60.8,69.9333,71.4667,61.775,65.5778,64.9,66.8,62.6,59.4,61.9,64.6,78.2667
"CAGCTGGGCGATGTGCGAGCTGATAGTGAGCGGCAGAATCAGGAGTACCA","KRT19",225.7,311.202,80.3379,232.7532,90.8867,173.695,110.7633,229.3434,168.4368,53.7,64.2667,55.16,49.1,61.5667,58.18,45.6,58.1889,50,180.8222,310.0376,1091.9525,515.8506,702.4992,1403.8176,293.3222,519.6277,656.0069,2049.6529,1098.1999,577.1395,995.997,1496.8837,460.0249,773.9125,825.544,992.9002,170.27,57.4
"CAGGAATCTAGTCTGGATGACTGCTTCTGGAGCCTGGATGCAGTACCATT","CTNNB1",52.5,48.6,45.48,51.575,52.9,46.925,48.075,47.4,48.525,43.85,44.2,48.3,54.6,47.7,45.88,47.8,47.075,44.1125,48.95,49.2,45.7,49.5333,47.9,48.6,49.175,49,46.575,46,48.5,49.9,48.1,52.2,48.6,47.2,51.725,45.6667,47.8,47.1
"CAGGCGACTGGGTAGCAGATGTGGAAGCTGATGGTTAGGCCCAGGGCATG","KIAA0692",56,53.3,54.6,75.6,80.2138,84.25,67.1,70.2889,66.6571,97.7778,66.7,77.6,66.3,101.67,60.4,66.1,76.2176,76.35,64.16,74.7304,51.65,58.9,54.7,79.1333,83.6094,82.5565,82.9321,69.0889,100.0345,96.6255,76.0737,78.6,80.4,77.1,92.3045,69.4,76.5474,64.2667
"CAGGGCAGGAACCACGTCTTTACAGTTTGATGTTCCCAGAGCTGACCCAG","DDX12",55.1,57.6,52.5,48.8,53.55,51.575,48.15,60.2,54.1,61.4,48.1,52.7,52.6,51.8667,49.7,53.475,52.5,54.725,53.6,51.9,51,53.1,50.5,52.3,53.7,48.9,52.825,58.34,60.3,53.625,49.7,58.8333,53.1,54,47.8,53.46,53.0333,55.1
"CAGTGTTGGGATCACTCACTTTCCCCCTACAGGACTCAGATCTGGGAGGC","DMD",355,462.8057,753.6697,251.2213,170.6097,258.323,169.3057,810.5271,494.4651,930.3056,143.9235,230.9377,599.9927,1013.027,621.8374,1047.9697,403.1781,487.1128,481.6171,250.7458,472.5962,498.2447,881.0395,293.3144,159.2,246.9288,206.9819,478.9556,474.4497,220.4593,175.7353,331.9982,593.3856,657.0521,605.3689,648.0734,383.658,138.7846
"CATTGTAATGATAAGGAAATGTTGCGATCAAATAAGATTTAGACACACTT","KIAA0692",44.6,39.7966,43.4077,40.6714,45.3286,43.4077,44.5,43.2,48.1,50.2,43.3909,39.2276,44.76,44.025,42.4846,45.15,40.4826,41.9174,42.9545,37.7842,41.6714,46.2,41.2,41.8563,39,39.2705,43.0385,39.8486,39.0478,43.2,43.9375,44.7833,42.3,44.34,44.4,37.9286,42.4,45.4
"CCACGCCGGCAAAGAAATTGGAAGACTCCACCATTACAGGCAGCCACCAG","LOC202134",50.1,57,54.35,53.1,49.25,51.95,53.475,51.9333,52,48.6,49.4,52.45,50.5,51.8667,49.7,51.5,52.9667,53.6,53.6,52.375,61.7333,49.4,53.55,58.9,51.1,55.55,58.1,55.85,59.72,56.42,55.7,95.4914,60.425,56.1,48.6,52.4,56.6,54.6
"CCAGTCCCTGACTACAGAGGATTTCCCCAAAGTCCCTGGCTGTGAGGTTC","DDX12",44.8,48.4,47.2,45.72,46.2,49.5,43.675,45.4,41.2629,52.6,50.8,44.2,47,47.2,46.12,46.775,49.34,45.48,47.3,51.5,54.05,50.35,52.15,51.6,49.175,44.9833,46.925,49.25,48.8,48.3,49.25,47.075,46.9,50.7,47.4,45.6,47.7,44.9
"CCATTCAGAAGAATGATAAATGCCACAAGCATTTGGAAACAGGCTTCCCT","DMD",48.4,47.8,48.6,47.85,44.9,45.72,46.775,48.7333,46.9,43.7333,47.15,49,48.45,43.9375,48.95,48.9,44.4625,44.7833,48.5,44.1125,43.38,47.1,45.7,42.4,51.3,45.0667,44.9,47.7,46.85,44.6375,48.4,47.4,45.6,51.1333,49.4,43.6556,45.8,45.1
"CCCAGTGACACTTCAGAGAGCTGGTAGTTAGTAGCATGTTGAGCCAGGCC","FOS",874.1,2995.1883,874.9744,386.819,2288.2388,577.7901,486.3236,1476.4651,1216.0555,1298.0374,764.3267,627.5495,845.9835,588.2042,612.8965,220.681,621.7812,1234.1007,417.7561,7335.1691,5620.4324,6842.3624,7045.209,3180.8372,9819.0105,4114.8219,9423.5747,2406.0706,6603.4778,17362.0317,10602.6363,8961.137,8583.3322,3514.5089,3473.4109,8590.6434,4488.6672,3868.9898
"CCCGACGAGCAGGACTTCATCCAGGCCTACGAGGAGGTGCGCGAGAAGTA","PLEC1",61,54.9,57.1,53.5,55.76,47.4,52,51.8,52.2,56.6,52.75,48.8,50.85,53.7,53.8,53.8,51.74,53.5,50.7,56.05,50.85,50.7,53.7,49.4,51.725,46.2,44.8,55.925,51.2,51,52.7,56.18,52.3,51.0667,51.2,51.4,50,50.85
"CCCTCCACCTCCTGCTCGGGGGGCTTTAATGAGACACCCACCGCTGCTGT","BDNF",77.7,88.796,85.07,76.2522,83.7769,104.6,100.7256,105.8,94.4125,216.9526,86.45,85.4087,82.2,96.0882,80.8154,98.3929,93.5672,78.15,110.28,87.5973,104.297,78.6,84.1609,80.0667,86.3,93.1921,98.1302,90.0895,96.6138,82.8212,88.1353,90.4379,115.1938,93.3714,112.0341,95.3742,84.0222,91.7625
"CCCTCGGGCAGCCTGTTTCCCTCCCTGGTGGTTGTGGGTCACGTTGTCAC","PLEC1",58.1,56.45,56.7,53.5,54.8,49.8,51.2,54.125,52,52.3,55.55,51.6,51.35,52.3,52.9,52.45,51.32,56.68,53.7,55.04,50.85,51.0667,50,57.64,58.0333,51.95,55.1,53.0333,48.8,53.4,53.175,53.475,49.25,49.25,49.9,53,53.3,50.5
"CCCTTCCTACATTCTTGTTTTCATTTTTTCGGAGGAAGAGGAGTTGCTAG","LOC23117",55.1,60.425,51.9,55.1,48.6,50.3,51.8,52.1,51.0667,52.1,53.7,49.5333,54.5,46.575,51.9333,48.4,51.32,55.7,51.9333,53.9,53.9,55.9,58.3667,55.325,53.175,49.9,49.75,51.8,52,57.65,50.8,52.375,51.35,46.8,50.4,53.4,53.0333,52.3
"CCGCCGGGCTGCTTTTTCCTTGGATGCCCATCAGGACGCCTCAGTTCTCT","DDX12",59.6,63.05,57.475,64.2667,67.25,59.6667,53.75,89.0429,60.2,54.95,60.9714,76.1,54.6,56.7,55.925,167.0652,76.3941,64.4444,61.4,66.9714,59.15,68.14,60.1333,62.9429,59.4,60.0857,60.3625,60.3,58.74,70.6235,61.5667,69.8923,55.4,54.2,52,89.0692,58.1,52.9
"CCGGGCCTTCTCGTGGTACCCTGCCTGCTGCCTTTGCCCCCGCACTGACT","PLEC1",51.2,55.7,52.6,53.975,54.26,55.95,57.08,46.775,49.75,52,53.1,51.7,51.6,55.025,53.8,56.15,58.5889,53.8,49.3,56.05,55.55,55.1,52.75,58.9833,53.7,54.2,53.78,49.9,55.475,53.7,50.2,53.0333,50.6,52,51,54.92,52.1,47.7
"CCTGTTTGGATCACATGGTCTTGTCCTGATAACTTGGAAGAGGTTGCTTC","LOC202134",120.2,95.597,114.1447,61.4714,53.05,102.445,109.9962,58.7,54.65,151.3824,67.7818,52.9,70.4667,186.89,59,60.2286,66.7474,74.5706,172.9389,147.4045,173.7488,107.0138,250.1007,248.4337,91.9065,193.9691,145.8866,122.1739,115.3957,229.9462,189.0147,564.7217,281.0516,350.7591,103.6,108.7818,201.6956,87.3286
"CGCCCTGAAAGGACCAGGACATGCGGGTGCGGTGGCTGCTCTTTTGGCTC","LOC339047",62.1,65.3,60.3833,57.78,54.44,54.08,56.3,57.58,56.15,59.4,60.05,61.2286,52,58.02,55.625,56,55.2,58.5,56.1,65.2615,50.85,57.2667,67.3143,57.78,61.525,57.8333,59.1857,59.1,56.5,58.6143,59.64,55.85,60.425,57.7,58.1,56.6,58.18,54.8
"CGTTGCTACAAGCTGTTTTTTGAATGTCTCTACACAGTCCAGGCAGGAAG","DDX12",51.1,50.05,50.3,45.9,49,47.225,44.6,50.7,46.45,55.2,44.9,44.8,41.09,49.8,50.4,51.1333,45.8667,48,53.3,46.4,51.5,47.2,57.8333,48.6667,52.95,47.8,47.225,49.4,49.4,50.6,45.9,46.2,48.6,47.2,52,49.6,48.15,47.7
"CTCCGTCTGCCCCGTGGGCTCCTGCCACCGTCCCCGATGAAGATCGTGCC","PLEC1",58.1,61.1,59.8,54.65,53.4,50.7,52.72,57.46,58.18,53.7667,55,54.425,48.45,54.7,56.15,50,54.35,54.8,54.3,52.675,53.4,57.5,59.2333,52.7,58.42,54.05,53.78,54.95,56,53.25,55.4,51.35,55.625,54.2,58.02,55.4,55.475,59.6
"CTCCTCTCAGCTGAACACCCTCCTTTCACTCCCAAATGCAAACAGTCTCT","DMD",118.5,155.1024,270.3825,149.3795,134.516,69.1667,215.0318,211.3283,174.0231,332.4777,66.7,131.95,161.225,208.9523,266.4475,239.8787,325.1943,198.1243,185.1222,291.8768,146.25,165.68,247.0261,168.0535,132.3618,74.5706,280.6677,145.3279,104.7818,285.7,127.608,291.733,243.3327,122.0452,138.6471,190.381,184.4607,53
"CTGCAGGGGTCCTCTGTGAACTTGCTCAGGACAAGGAAGCTGCAGAAGCT","CTNNB1",4482.6,2738.1917,2868.2212,2320.8855,3582.6563,1879.232,2129.0526,2743.9472,3241.3755,70.68,1776.8023,2413.5624,3268.011,2098.7288,1766.2115,1777.2178,1231.3778,1977.7932,2085.1125,1063.1578,1523.4501,1488.2989,1355.8731,1396.6437,1978.2444,1274.5286,1445.0758,1309.4235,1439.7925,1144.225,1382.7999,1285.0511,1630.3266,1936.1433,1480.8517,1091.4076,1837.8157,1864.2062
"CTGGCCTTCCCTCATCAGCCGTAAATGATGATTTACTGCTGTTACCATCA","LOC23117",47.6,52.9,62.7714,55.25,55.76,50.85,49.4667,53.5,46.45,45.275,54.425,51.4,50.2,46.1,50,43.5,52.5,53.7,50.1,52.15,54.5,52.9667,64.8,51.9333,52.825,47.8,50.85,44.2,47.3,51.7,55.925,54.425,50.6,47.1,49.1,50.275,52.5,48.5
"CTTGCTGTGGTCTCTTTGTGGCAGAAGTGTTTCATGCATGGCAGCAGGCC","BDNF",84.3,54.7,89.6391,64.1778,53.175,65,129.1656,64.1143,71.1909,73.5167,59.8,57.7,55,51.4,61.5667,50.2,91.7397,52.5,55.8,67.4,57.4,90.9545,80.6842,61.0571,94.2109,53.64,234.7167,56,50.8,97.64,72.4437,70.7538,64.5333,60.425,91.3409,52.5,87.05,52
"GACCAAAGCAGGACAATTGCTTGATCCCAGGAGTTTAAGACCAGCCGGGG","LOC202134",191.1,192.5933,198.4593,237.7574,244.0102,319.3031,275.264,278.4635,317.3357,356.5186,286.0485,246.645,335.8696,431.4289,343.3326,397.0091,288.4928,260.1251,328.1486,259.687,241.2206,217.1313,260.28,308.9223,220.1505,313.7448,290.5464,299.4514,281.8115,280.8,273.3469,384.064,370.0097,441.7725,334.8599,353.4973,247.8395,337.1727
"GACCTGTAGCTAAACCTTCCACCAGCGCTTGAGAACTTAATTTGAACCGG","LOC339047",62.3,65.4667,65.675,64,63.28,56.76,59.5143,61.4833,57.4,61.2,60.3,57.78,58.2,61.4,56.9,59.8,57.9,61.3,60.425,62.96,61.4,61.7,72.225,63.3778,61.8375,54.95,61.5875,52.9667,73.1,62.0556,64.8,59.8,77.1,75.6,68.525,60.6333,63.9,67.8
"GAGTGCTGGGAAGGTTAATGTTAAATGGGTTGTGTGTCGGGGAGGGTACA","KIAA0692",59.5,56,59.2,53.325,64.2182,56.225,55.58,58.34,50.9,77.1,60.55,59.8714,49.5333,56.525,62.18,54.35,59.15,56.12,58.2333,57.9286,53.4,58.9,58.3667,53.4,55.25,58.1667,56.7333,50.1,53.2,52.75,55.625,58.7667,55.625,70,57.94,57.7,61.2,59.4
"GATCACAGGCACAGGGAAGCCACAAGGAGCTCTGTATGAGTTGTGTTTGC","KIAA0692",54.1,52.6,55.1,50.85,51.65,50.775,53.325,54.3,54,52.2,53.3,51.95,50.3,52,53.05,50.5,50.925,53.6,49.4667,52.825,52.9,53.0333,50.6,49.6,48.7,52.3,49.9,53.6,50.425,51.275,50.5667,54.2,49.4667,58.2,54.65,52.5,50.7,55.9
"GCAAATGTAACTCAGGGGTTTGGGGCCAGAGGAAGAGGGAGAAGGTGGCC","KIAA0692",49.3,53.3,53.2,53.325,55.88,53.8,52.225,55.3,55.7,49.5333,57.58,55.025,57.9667,57.78,55.475,58.9,55.7,54.8,59.925,58.8429,48.6,51.8667,51.35,51.9333,52.6,56,55.34,55.85,60,52.6,47.6,56.6,49,58.7667,58.6,58.0333,56.84,56.8667
"GCAACGCTCCTCTGAAATGCTTGTCTTTTTTCTGTTGCCGAAATAGCTGG","KIAA1199",861.2,3915.9192,2292.2627,4272.8288,2212.2382,6548.816,1748.5909,3452.3983,2841.1565,5074.6836,4947.5271,1938.3781,156.8375,1502.7626,4624.541,1798.9477,5039.2499,185.0452,6160.1665,1015.87,114.8718,63.1,191.4906,67.3,65.8,118.7964,94.1081,212.6529,438.4953,85.803,126.112,94.8857,514.9222,200.7537,69.8,212.1808,255.391,93.0875
"GCAATTTGCCAAGTTTCTTTAGCATTTGGCCCTGGATTACGCTGGACCCC","CTNNB1",59.3,71.9545,60.6333,57.55,61.7889,62.825,59.4571,65.6571,64.3429,61.775,72.3125,58.1667,62.46,61.4,60.8,59.9429,59.4444,71.15,62.6,59.925,72.5,64.925,60.3,62.8571,64.0727,60.8857,57.55,62.6,65.2286,60.2286,63.9,63.9,62.46,63.84,62.4833,58.8333,68,61.5
"GCACTCCGACTACATCAGGAGAAGATGTTCGAGACTTTGCCAAGGTACTA","DMD",126.9,129.7639,199.9429,130.3512,191.6793,103.1,155.2789,92.713,100.6923,47.4333,109.6204,130.0333,68.6,129.7257,194.5929,88.46,302.9993,242.9388,96.6696,264.4583,153.75,198.0762,172.3972,197.6789,216.3816,128.7583,261.4786,103.5412,67.4,230.9276,213.2373,177.6357,131.9256,87.7769,105.1,86.8538,308.8505,48.8
"GCAGCCAACTTATTGGCATGATGGAGTGACAGGAAAAACAGCTGGCATGG","DMD",50.4,50.7,52.3,50.85,48.15,48.9,47.225,45.0667,50.2,50.6333,50.4,49.9,47.4333,48.6667,46.2,42.3,45.15,48.3,45.2,44.7,51.35,56.1,48.7,49.4667,48.65,49,51.3,48.7333,53.8,49.6,49.1,47,48.3,49,45.64,46.575,50.6333,47
"GCAGGGGAGATTGGGTTTAGGGGCTTTCCTGGTCTGCATTCTGCTACAGC","DDX12",66,60.3,63.2,64.1778,67.925,67.9,61.5875,95.2478,72.5273,95.7375,61.9,64.5,79,71.7,67.3143,70.2727,58.6778,62.2,77.4,66.5857,61.7333,66.6571,67.1429,71.8647,69.6,67.6,66.7231,69.4,74.4462,63.02,72.1813,66.5273,67.6571,66.8,71.84,62.6857,71,95.4063
"GCCAAAGGAATGGGCTCCAGACACCCCCTCTTCCAGAGCAAGGATGAAGG","LOC202134",67.8,68.1556,66,66.7091,60.7375,56.45,56.68,54.7,61.6,197.1143,62.825,57.94,55.8,53.55,54.275,58.5667,70.4182,53.1,55.3,63.7091,68.56,58.2,72.75,63.1143,59.2571,58.4333,56.9333,55.3,56.84,96.9636,60.2167,67.3455,61.1,55.7,60.2,55.4,55.85,58.2333
"GCCAACCTCCTCTCACAGCCTCTGTATCTCTGCAGGCCATACTGGTTCCA","ABCA8",155.8,119.4755,92.6418,96.4,206.2275,92.1306,88.6172,77.2154,110.8579,292.9333,66.3,111.6889,97.5625,158.93,132.3882,56.05,83.6643,99.0957,99.0957,628.2257,703.3208,521.9365,665.6918,1083.186,1493.238,1034.924,761.9373,562.6887,455.6456,681.0464,622.0768,1234.112,611.2294,576.0727,586.4663,830.8702,487.7066,125.9636
"GCCCCAGCAAGCCTCCCTCCATCCTCCAGTGGGAAACTGTTGATGGTGTT","PENK",442,219.762,300.5855,699.568,99.1353,255.796,26134.7105,628.3569,214.7919,313.3819,206.0897,312.4611,2779.8196,183.02,48.2,55.7,158.1615,56.24,2788.9379,72,60.3,78.2667,431.705,59.7333,89.0789,56.6,166.378,133.1119,60.1,248.207,145.208,65.5,234.6832,54.2,59.48,60.3833,100.6341,61.6
"GCCTCTTGCACTCTGAATTGGGAATGTTTGCACCACAGTGGGGGGCTTGC","CTNNB1",80.2,68.1556,78.48,68.5385,79.3448,72.4,75.0444,108.7714,70.6444,106.1556,64,70.3143,54.1,61.16,70.4667,67.64,72.0111,60.7286,58.3667,63.7818,60.8,72.575,58.2333,76.3826,67.4462,63.2,69.72,57.9,60.7,69.9647,63.5,70.6308,62.04,66.4667,61.8,66.2444,60.05,68.4
"GCCTTTGCCTCGCCGAGGGAGGTCTTGCTGGAGCGGCCGTGCTGGCTGGA","PLEC1",44.6,43.4,47.9,47.925,43.85,47.15,53.75,45.48,49.75,40.5889,49.4667,52,45.3,51.2,44.2,48.15,47.7,45.3167,49.1,51.8,49.1,49.9,49.5,48.5,44.9833,45.56,49.4,48.875,49.4,44.6375,44.55,51.1333,48.6667,48.9,45.4,48.3,46.45,52.6
"GCTCGCTGAAGTTGGCTTCCTAGCGGTGTAGGCTGGAATAGACTCTTGGC","BDNF",53.9,54.9,51.8,48,48.3,47.225,47.925,57,49.2,51.9,53.7667,50.275,46.5333,49.5333,51.65,48.4,51.16,52.1,50.1,53.55,52.9,49.4,54.2,48.7333,49.675,50.6333,47.075,47,52.15,51.2,50.2,50.5,51.1333,50.6333,52,51.3,50.7,49.9
"GGCGCAGACATGGACCCCTCGCGAGCCATCCAGAACGAGATCAGCTCCCT","PLEC1",54.4,56,54.2,48.9,51.85,51.95,49.175,48.3,53.1,48.1,49.3,51.15,48.7333,46.575,48.375,47.8,48.98,48.4,52.4,52.75,53.1,52.7,54.7,50.55,51.575,49.8,48.9,48.5,48.2,51.275,53.6,52.375,51,46.3667,47.3,49,50.4,46.2
"GGCTCCTCTTTGGGCTCCTACTGGAATTTATCAGCCATCAGTGCATCTCT","LOC23117",63.9,61.65,55.85,58.5,57.8333,57.7,58.7667,67.4,62.2,49.5333,62.675,58.4333,64.8,60.8,62.32,84.8529,56.45,64.5333,61.9,57,58.1,55.4,65.6333,59.4,59.8,59.7333,60.3625,55.025,56.84,58.7857,59.4,61.8375,58.8,58.2,59.64,70.5077,61.4,63.36
"GGCTCTGTTGGAATCCGCATAGTGTGGAAATGAGTTTGCCCTGGAAAGGG","LOC23117",49.9,55.25,54.275,50.85,52.15,53.1,58.6333,52.7,47.4333,51.8,54.35,54.05,56.1,56,51.8,53.8,56.375,49.4667,59.925,55.4,54.65,59.9,51.8667,53,52.6,53.25,53.78,54.2,53.5,52,51.0667,56.18,53.7667,56.7333,56,53.58,51.8667,48.2
"GGGAAGTACATGGGGCAGATGGAAGAACCTGAGATAATCGCAAGGATGGC","LOC23117",60.8,60.675,56.1,59.64,60.8,57.4,57.7,73.5545,64.1143,55.7,57.58,65.7,65.8,64.2286,64.2667,63.4,56.45,56.76,62.96,56.54,60.6333,61.4,55.9,60.2167,60.3,61.4,59.8,65.6571,65.2286,56.42,58.34,60.7286,70.6,63.05,68.7,59.2571,54.4,64.8
"GGGTTTTCTCAGGATTGCTATGCAACAGGATCAGTGCTGTAGTGCCCGGT","DMD",45.5,40.3655,44.9,43.0385,47.075,43.85,43.5,46.85,39.9429,40.9556,43.8889,44.3,43.2818,41.8075,42.8538,45.96,44.725,45.0667,45.2,47.15,47.3,45.9,44.9,46.85,47.15,44.1125,44.2,48.1,44.9833,43.1,45.2,43.675,46.0667,48.4,45.4,43.1308,47.7,40.5321
"GGTATTGCTGATCGTATGCAGAAGGAAATCACTGCTCTGGCTCCTAGCAC","ACTC",1452.7,4341.514,1460.5967,8327.8549,5434.4145,6894.4949,2077.7571,7325.3255,6205.9336,2718.7189,5810.4964,6278.2607,256.8078,1205.7709,5419.393,7028.3805,13992.2647,110.2923,4004.5631,3524.8251,830.2335,209.2583,598.7041,204.9559,169.413,327.8963,277.3592,222.5,710.6126,478.7912,336.6384,212.2171,561.8771,320.9493,216.3,622.1594,410.9448,350.7279
"GGTGTGCTCTGGTATGTAATGACAATATGTGAACAAACCTGTGGAATTAA","LOC653086",50.3,49.8,51.4,47.5667,48.15,49,47.7,46.925,47.9,47.2,48.3,46.85,52.6,49.9,47.225,44.2,45.5143,48.7333,45.8,46.6,44.1,44.62,47.9,47,51.5,46,45.88,45.2333,50,50.6,48.8,45.48,48.7333,47.3,48.5,44.7833,44.1,44.9
"GTGAGCCTGTTTCATCATCTGTAAACTTTGAATAATGATACCTACCCCGC","LOC653086",52.3,59.8,63.0286,55.625,57.4,60.3625,56.45,63.8667,60.8,58.3667,59.2333,53.75,66.8,58.9,60.92,56.6667,53.46,55.475,66.1333,54.98,55.1,54.7,59.2333,59.0667,57.58,58.2333,57.7,64.8,63.0286,56.3,53.1,58.02,62.18,67.04,55,56,59.1,62.6
"GTTGTTCTGGACGATCTTCGGGATCCTCTGGGGCACTGTGACACTCGGAG","KIAA0692",55.9,63.84,57,57.55,56.225,55.64,56.3,58.6,57.625,72.26,60.6333,59.2,56.5,57,60.1,63.6,54.95,58,64.32,55.4,61.5667,62.6,58.6333,58.1667,65.5273,52.95,56.9333,54.2,59.2,52.825,56.525,61,67.3143,60.1333,66.175,61.4,54.8,55.1
"TAAGTGCAGTGAGCTCTGGCGGAAACCACCCTCTGCCCCGTCTGTTGGAT","KIAA0692",55.1,58.5,57.8,96.1535,113.1976,139.9146,80.3143,112.9211,96.1792,278.5458,110.1102,106.1918,63.36,117.7867,131.4941,150.2857,104.7918,109.6769,126.4649,142.2636,57.2,61.04,63.84,122.2977,128.22,116.48,129.9544,120.155,95.4185,134.7551,122.848,105,108.1385,123.3613,94.9545,133.45,88.4,76.9333
"TACCTGGCCTATCTTTCATAGGTTATATAAATTCCTTGGTTCCCAGTTTT","LOC653086",51.5,60.425,56.8,51.8,55.94,53,51.425,49.5,45.48,50.5667,53.625,55.88,55.3,50.7,49.1,52.75,52.9333,54.35,46,51.725,51.65,53.0333,52.3,61.7333,59.6,54.125,59.8714,53.975,46.775,60.4429,59.2333,57.625,48.6,52.15,52.3,49.1,54.1,45.6
"TCAACCACATCCTTCAAAAGGACTATGCCTGTTTATAAGCCCAGCTGTTT","LOC23117",80,91.1,92.9309,68.9692,66.2615,58.34,62.1625,62.9,56.9,138.4923,67.7818,65,54.1,56.45,53,59.55,72.4,66.7,59.72,66.5143,81.6,72.575,73.4571,67.4,64.9818,57.9667,61.65,55.775,53.4,87.5,61.4,62.4,53.7667,58.5,51.5,60.55,69.1667,54.2
"TCAGACCCCTCAGGCCACTGCTGTTCCTGTCACACATTCCTGCAAAGGAC","BDNF",55.9,52.5,55.3,57.94,58.9833,62.075,62.1625,64.8,59.72,60.6333,61.4714,59.1,61.9,59.6,62.7,56.8667,61.9,60.4429,69.05,68.0778,52.6,59.6667,53.1,60.7286,63.76,61.6143,58.7,65.2286,64.1333,60.5857,62.7714,65.8909,67.3143,68,59.1,57.9,61.5667,57.1
"TCTATCAACAGAGCTGAATGAGTGCCAGGAAGCTGCGAAATCTGTCTTAC","DMD",52.7,53.7,49.7,49.4,49.975,46.7,45.96,50.1,55.85,50.5,48.1,51.05,46.8,49.6,50.9,48.15,50.38,48.6667,51,49.4,46.2,47.85,52.45,48,46.85,49.975,52.825,49.4667,46.45,53.175,48.5,49.3,46.575,49.4667,49.7,46.94,48.9,48.3
"TCTCCTGCCCCCTCCGGAAGCTTGGATGCCCCTCCACACCCTCTTGATCT","DDX12",59.9,58.5,58,60.7286,62.825,62.75,67.8,56.3,57.8,65.55,61.8286,56.3,56,55.4,54.6,54.74,55.7857,57.9,54.9,61.4556,65.3,55.9,60.675,66.3455,56.42,54.65,62.8667,55.025,58.9,64.7273,53.1,60.5143,57.625,54,57.7,59.8833,60.4,60.95
"TCTGTATGGACCCTGCCAAGCTCTGCCCCTCTGCCCCTGCATTGGGGCGC","LOC339047",61.7,65.8,69.9333,59.56,65.7167,64.16,62.5125,68.6222,65.9429,77.1,60.3,65.8,65.6,56.8,60.8,67.52,63.0125,64.5333,68.35,65.8,77.7,71,60.8,61.3143,63.84,65.2545,61.9,58.6,66.95,67.4857,65.1333,63.7,64,67.52,71.84,78.0706,62.6,66.8
"TGACTGTCCCTGCCAATGCTCCAGCTGTCGTCTGACTCTGGGTTCGTTGG","FOSB",121.2,258.9784,81.7034,64.6222,135.0382,57.9,53.1,72.47,95.9583,243.487,69.1846,56.3,61.9,59.5,61.65,110.6,95.3948,68.1167,60.92,2290.1261,1162.2176,321.3197,588.5886,92.425,680.5384,172.7,803.9367,125.2783,445.0937,4247.9377,988.4769,334.7496,747.1075,207.6881,1211.4991,7604.0221,233.0444,601.5935
"TGATGTGTCACGCCACTGTACTCCAGCCTGACGGCAGAGCGAGACTCCAT","LOC653086",2610.9,3024.967,2220.1705,5784.8622,4314.1041,6164.3284,6068.5092,7539.7306,5470.6597,10322.8498,5643.2486,6622.8739,6221.8359,5652.1888,7162.6526,8119.8283,4966.1271,3977.9414,5053.4486,5060.9345,4233.963,2614.116,3583.986,6102.262,4829.634,6482.8,7141.38,6784.17,5281.745,5564.177,4961.415,6891.13,6592.042,5952.973,5100.135,6156.971,3676.628,2427.072
"TGCGAGACCTGGGTGTCCAACCTGCGCTACAACCACATGCTGCGGAAGAA","DLK1",226.3,349.3446,1269.6947,475.9532,146.6136,384.3811,195.5271,175.1304,272.5879,74.35,1076.1633,225.7642,2828.1071,921.1997,55,4126.775,121.1516,5799.717,150.2451,54.725,52.45,51.5,59.8,54.275,47.3,55.625,48.7,49.9,60.5,52.9667,57.3,49.7,54.4,51,48.5,51.725,669.4027,58.5
"TGGGGAGACGAGATTTTAAGACACTTGAGTCTCCAGGACAGCAAAGGCAC","BDNF",46.5,52.6,56.8,52.1,55.16,56.3,53.8,67.1,54.65,51.2,54.5,54.05,58.1,55.925,52.4,60.3,57.5125,53.8,55.2,53.25,55.4,56.3,55.9,57.16,54.68,54.2,59.4,57.7,55.325,55.325,57.9,57.94,55.1,57.1333,51.725,57.9667,54.725,60.8
"TGTCGTTTCCTCCATTCTTCACCAAAACATCAGCGTACATAGGCACATGG","LOC23117",64.7,69.8,63.3143,58.82,60.6125,65.9818,67,57.1333,60.8,99.8444,61.5429,64.1,61.25,70.6444,63.1,55.625,63.6267,68.4667,57.7,62.1333,65.05,60.3,63.08,61.7333,62.8667,57.7,58.2333,65.9111,67.85,69.6824,58.66,60.2167,60.425,60.675,61.7,65.5,62.8571,68.2
"TTACTGGGGATGGTATTTAGGAGCCAGGAAAGCCGGTGCATTCCTAGTGA","DDX12",49,66.2286,54.6,54.35,55.76,63.3778,60.8,69.7556,66.2286,54.2,59.2333,55.76,70.4667,65.9667,61.8167,62.75,55.7857,59.0667,64,55.46,61.9,54.95,56.8667,57.64,58.8333,58.6333,61.5875,61.8,67.55,58.18,57.46,59.1,71.2625,63.36,63.7333,71.3,51.6,78.96
"TTCATCCAGGCCTGCGCCGGTGTTCACAGTGGTCCTCATCTAAGCCAGCC","LOC202134",47.6,45.8,48.6667,49.5333,50.35,50.925,49.9,52.3,48.1,47,49.4,50.5,45.2,47.2,50.8,46.925,47.075,49.2,49.3,53.9,45.7,44.2,50.2,44.55,49.4667,48.4,48.7,48.95,49.7,47.7,46.925,50.1,47.4333,54.65,49.4667,49.6,48.9,49.1
"TTTCAGGCCCATGGCAGAGGGTGGGCTCAGGAGGGCCATCGTGGGTGTCC","LOC339047",55.5,53.9,55.775,54.5,50.425,57.65,48.5,53.0333,49.1,52.6,50.3,50.5,54.35,52.5,51.9333,52.45,52.75,50.5667,53.4,57.1333,47,50.6333,53,55.175,51.9333,51.6,48.3,53.975,56.3,50.3,51.1333,51,57.7,51.1333,61,50.2,53.0333,54.3
"TTTCCTGAAATGGAGCTTTGCTCTTGTTGCCCAGGCCGTAGTGCAATGGC","LOC339047",41.3,46.85,41.8147,44.1,44.9,46.45,44.5,46.925,47.9,44.3167,43.8889,44.2,45.2,42.103,44.6667,51.2,46.5,45.48,42.7364,42.1842,49.25,46.5333,48.8,41.4126,43.9667,46.2,43.5875,45.9,42.2043,44.1125,42.0034,42.1,42.42,46.5333,47.9,48.15,46.1,51.2
