"","Type","DDX12_AAACGTTACAGTGTTCCGATGAGACACAGTAGGCAGTACTTGGGAGGGTC","LOC23117_AAAGCAGTGGTTTTCAGCTGCCAGAGGCCTGAGAGAGTTTGGGCATACTC","LOC653086_AAGGACTCAGATGCAGGGTCTTCTCTGCTCCCCGTCACACAGAGGGTGGC","KIAA0692_AAGTGGTGCCTGGCTGTCCCTATACTGTGCTGCTGGGTGTTCCAGCCTGT","BDNF_AATAATAGAGTGTGGGAGTTTTGGGGCCGAAGTCTTTCCCGGAGCAGCTG","DDX12_ACATGTGCTGTCACTGGAACTTGCTCTTTTCACTCAGCAGCCAGAGGGTC","LOC339047_ACTGCCTGTGTGGCTCCTTGAGTGCGCGGAGGCCAAAGCTGAGATGACTT","LOC653086_AGCAGCACATCGTCATTTTACAATTGAGAAACATGGAGACTCCAAATGGA","PLEC1_AGCCTCTGTTCCCCTAGTAAGTGCCTTCCATGTCGGCCTCTAACCCCAGG","KIAA0692_AGCTCCACCTTGACCCAGCCTCACAACAAAAAGTTTGTGTATGACCAGGC","CTNNB1_AGCTGCAGGGGTCCTCTGTGAACTTGCTCAGGACAAGGAAGCTGCAGAAG","MMP11_AGGCCCTGGAGGCTGCAACATACCTCAATCCTGTCCCAGGCCGGATCCTC","CTNNB1_AGTCTCTCGTAGTGTTAAGTTATAGTGAATACTGCTACAGCAATTTCTAA","LOC339047_AGTGCCCACATCACACAGCATCTAGCACGTAACTGCACCCCGGGAGTCGT","LOC202134_AGTGGGCAGAATGATGAGGGAAGTGGGCACGTGCCCATGTTCTTCTTGGC","LOC653086_AGTGTTGGGACTACAGGTGTGTGTTACTGCTCCCAGCTGGGAGGCAGGCT","BDNF_ATGTACGTGGGGGATTCTTGACTCGGGTTAGTCTCTGGGGATGCAGAGCC","LOC202134_CAAACCCTTGAAGACATTTCAGGGCCATGCTCACTTGGGAGGGTTTGAGG","CTNNB1_CAAACTTTACAGAGGAGAATGCCCTGTTTGTTAACCATGTTTCTTTTGGC","DDX12_CAGACTTCTCGCTTCCTTTCTGCTGGGCCTCTGAGGGGTCATGGGGCCAT","ADH1A_CAGATGTTTTCCCTTGTGGCAGTCTTCAGCCTCCTCTACCCTACATGATC","PLEC1_CAGCCCTGGGGACACACTGCCCTGGAACCTTGGGAAAACGCAGCGGAGCC","KRT19_CAGCTGGGCGATGTGCGAGCTGATAGTGAGCGGCAGAATCAGGAGTACCA","CTNNB1_CAGGAATCTAGTCTGGATGACTGCTTCTGGAGCCTGGATGCAGTACCATT","KIAA0692_CAGGCGACTGGGTAGCAGATGTGGAAGCTGATGGTTAGGCCCAGGGCATG","DDX12_CAGGGCAGGAACCACGTCTTTACAGTTTGATGTTCCCAGAGCTGACCCAG","DMD_CAGTGTTGGGATCACTCACTTTCCCCCTACAGGACTCAGATCTGGGAGGC","KIAA0692_CATTGTAATGATAAGGAAATGTTGCGATCAAATAAGATTTAGACACACTT","LOC202134_CCACGCCGGCAAAGAAATTGGAAGACTCCACCATTACAGGCAGCCACCAG","DDX12_CCAGTCCCTGACTACAGAGGATTTCCCCAAAGTCCCTGGCTGTGAGGTTC","DMD_CCATTCAGAAGAATGATAAATGCCACAAGCATTTGGAAACAGGCTTCCCT","FOS_CCCAGTGACACTTCAGAGAGCTGGTAGTTAGTAGCATGTTGAGCCAGGCC","PLEC1_CCCGACGAGCAGGACTTCATCCAGGCCTACGAGGAGGTGCGCGAGAAGTA","BDNF_CCCTCCACCTCCTGCTCGGGGGGCTTTAATGAGACACCCACCGCTGCTGT","PLEC1_CCCTCGGGCAGCCTGTTTCCCTCCCTGGTGGTTGTGGGTCACGTTGTCAC","LOC23117_CCCTTCCTACATTCTTGTTTTCATTTTTTCGGAGGAAGAGGAGTTGCTAG","DDX12_CCGCCGGGCTGCTTTTTCCTTGGATGCCCATCAGGACGCCTCAGTTCTCT","PLEC1_CCGGGCCTTCTCGTGGTACCCTGCCTGCTGCCTTTGCCCCCGCACTGACT","LOC202134_CCTGTTTGGATCACATGGTCTTGTCCTGATAACTTGGAAGAGGTTGCTTC","LOC339047_CGCCCTGAAAGGACCAGGACATGCGGGTGCGGTGGCTGCTCTTTTGGCTC","DDX12_CGTTGCTACAAGCTGTTTTTTGAATGTCTCTACACAGTCCAGGCAGGAAG","PLEC1_CTCCGTCTGCCCCGTGGGCTCCTGCCACCGTCCCCGATGAAGATCGTGCC","DMD_CTCCTCTCAGCTGAACACCCTCCTTTCACTCCCAAATGCAAACAGTCTCT","CTNNB1_CTGCAGGGGTCCTCTGTGAACTTGCTCAGGACAAGGAAGCTGCAGAAGCT","LOC23117_CTGGCCTTCCCTCATCAGCCGTAAATGATGATTTACTGCTGTTACCATCA","BDNF_CTTGCTGTGGTCTCTTTGTGGCAGAAGTGTTTCATGCATGGCAGCAGGCC","LOC202134_GACCAAAGCAGGACAATTGCTTGATCCCAGGAGTTTAAGACCAGCCGGGG","LOC339047_GACCTGTAGCTAAACCTTCCACCAGCGCTTGAGAACTTAATTTGAACCGG","KIAA0692_GAGTGCTGGGAAGGTTAATGTTAAATGGGTTGTGTGTCGGGGAGGGTACA","KIAA0692_GATCACAGGCACAGGGAAGCCACAAGGAGCTCTGTATGAGTTGTGTTTGC","KIAA0692_GCAAATGTAACTCAGGGGTTTGGGGCCAGAGGAAGAGGGAGAAGGTGGCC","KIAA1199_GCAACGCTCCTCTGAAATGCTTGTCTTTTTTCTGTTGCCGAAATAGCTGG","CTNNB1_GCAATTTGCCAAGTTTCTTTAGCATTTGGCCCTGGATTACGCTGGACCCC","DMD_GCACTCCGACTACATCAGGAGAAGATGTTCGAGACTTTGCCAAGGTACTA","DMD_GCAGCCAACTTATTGGCATGATGGAGTGACAGGAAAAACAGCTGGCATGG","DDX12_GCAGGGGAGATTGGGTTTAGGGGCTTTCCTGGTCTGCATTCTGCTACAGC","LOC202134_GCCAAAGGAATGGGCTCCAGACACCCCCTCTTCCAGAGCAAGGATGAAGG","ABCA8_GCCAACCTCCTCTCACAGCCTCTGTATCTCTGCAGGCCATACTGGTTCCA","PENK_GCCCCAGCAAGCCTCCCTCCATCCTCCAGTGGGAAACTGTTGATGGTGTT","CTNNB1_GCCTCTTGCACTCTGAATTGGGAATGTTTGCACCACAGTGGGGGGCTTGC","PLEC1_GCCTTTGCCTCGCCGAGGGAGGTCTTGCTGGAGCGGCCGTGCTGGCTGGA","BDNF_GCTCGCTGAAGTTGGCTTCCTAGCGGTGTAGGCTGGAATAGACTCTTGGC","PLEC1_GGCGCAGACATGGACCCCTCGCGAGCCATCCAGAACGAGATCAGCTCCCT","LOC23117_GGCTCCTCTTTGGGCTCCTACTGGAATTTATCAGCCATCAGTGCATCTCT","LOC23117_GGCTCTGTTGGAATCCGCATAGTGTGGAAATGAGTTTGCCCTGGAAAGGG","LOC23117_GGGAAGTACATGGGGCAGATGGAAGAACCTGAGATAATCGCAAGGATGGC","DMD_GGGTTTTCTCAGGATTGCTATGCAACAGGATCAGTGCTGTAGTGCCCGGT","ACTC_GGTATTGCTGATCGTATGCAGAAGGAAATCACTGCTCTGGCTCCTAGCAC","LOC653086_GGTGTGCTCTGGTATGTAATGACAATATGTGAACAAACCTGTGGAATTAA","LOC653086_GTGAGCCTGTTTCATCATCTGTAAACTTTGAATAATGATACCTACCCCGC","KIAA0692_GTTGTTCTGGACGATCTTCGGGATCCTCTGGGGCACTGTGACACTCGGAG","KIAA0692_TAAGTGCAGTGAGCTCTGGCGGAAACCACCCTCTGCCCCGTCTGTTGGAT","LOC653086_TACCTGGCCTATCTTTCATAGGTTATATAAATTCCTTGGTTCCCAGTTTT","LOC23117_TCAACCACATCCTTCAAAAGGACTATGCCTGTTTATAAGCCCAGCTGTTT","BDNF_TCAGACCCCTCAGGCCACTGCTGTTCCTGTCACACATTCCTGCAAAGGAC","DMD_TCTATCAACAGAGCTGAATGAGTGCCAGGAAGCTGCGAAATCTGTCTTAC","DDX12_TCTCCTGCCCCCTCCGGAAGCTTGGATGCCCCTCCACACCCTCTTGATCT","LOC339047_TCTGTATGGACCCTGCCAAGCTCTGCCCCTCTGCCCCTGCATTGGGGCGC","FOSB_TGACTGTCCCTGCCAATGCTCCAGCTGTCGTCTGACTCTGGGTTCGTTGG","LOC653086_TGATGTGTCACGCCACTGTACTCCAGCCTGACGGCAGAGCGAGACTCCAT","DLK1_TGCGAGACCTGGGTGTCCAACCTGCGCTACAACCACATGCTGCGGAAGAA","BDNF_TGGGGAGACGAGATTTTAAGACACTTGAGTCTCCAGGACAGCAAAGGCAC","LOC23117_TGTCGTTTCCTCCATTCTTCACCAAAACATCAGCGTACATAGGCACATGG","DDX12_TTACTGGGGATGGTATTTAGGAGCCAGGAAAGCCGGTGCATTCCTAGTGA","LOC202134_TTCATCCAGGCCTGCGCCGGTGTTCACAGTGGTCCTCATCTAAGCCAGCC","LOC339047_TTTCAGGCCCATGGCAGAGGGTGGGCTCAGGAGGGCCATCGTGGGTGTCC","LOC339047_TTTCCTGAAATGGAGCTTTGCTCTTGTTGCCCAGGCCGTAGTGCAATGGC"
"UL_GSM2496185","UL",47.2,64.4,52.1,46.2,57.5,43.2,63,45.5,395.3,49.7,4742.3,13478.5,81.9,53.7,50.5,52.9,53.4,60.1,72.2,51.7,631.7,65.5,225.7,52.5,56,55.1,355,44.6,50.1,44.8,48.4,874.1,61,77.7,58.1,55.1,59.6,51.2,120.2,62.1,51.1,58.1,118.5,4482.6,47.6,84.3,191.1,62.3,59.5,54.1,49.3,861.2,59.3,126.9,50.4,66,67.8,155.8,442,80.2,44.6,53.9,54.4,63.9,49.9,60.8,45.5,1452.7,50.3,52.3,55.9,55.1,51.5,80,55.9,52.7,59.9,61.7,121.2,2610.9,226.3,46.5,64.7,49,47.6,55.5,41.3
"UL_GSM2496186","UL",47.2,77.4462,46.85,49.6,51.5,42.0724,55.7,48.3,472.5415,55.7,3302.9018,8300.2949,74.975,56.3,50.4,54.7,55.4,58.1,60.05,47.4333,704.7906,64.8,311.202,48.6,53.3,57.6,462.8057,39.7966,57,48.4,47.8,2995.1883,54.9,88.796,56.45,60.425,63.05,55.7,95.597,65.3,50.05,61.1,155.1024,2738.1917,52.9,54.7,192.5933,65.4667,56,52.6,53.3,3915.9192,71.9545,129.7639,50.7,60.3,68.1556,119.4755,219.762,68.1556,43.4,54.9,56,61.65,55.25,60.675,40.3655,4341.514,49.8,59.8,63.84,58.5,60.425,91.1,52.5,53.7,58.5,65.8,258.9784,3024.967,349.3446,52.6,69.8,66.2286,45.8,53.9,46.85
"UL_GSM2496187","UL",49.4,73.219,46.2,44.7,61.65,42.7615,58.7667,47.6,339.4526,57,3239.9835,6096.7978,65.05,53.1,47.5,56.8,53.0333,60,64.1778,49.8,522.7641,61.16,80.3379,45.48,54.6,52.5,753.6697,43.4077,54.35,47.2,48.6,874.9744,57.1,85.07,56.7,51.9,57.475,52.6,114.1447,60.3833,50.3,59.8,270.3825,2868.2212,62.7714,89.6391,198.4593,65.675,59.2,55.1,53.2,2292.2627,60.6333,199.9429,52.3,63.2,66,92.6418,300.5855,78.48,47.9,51.8,54.2,55.85,54.275,56.1,44.9,1460.5967,51.4,63.0286,57,57.8,56.8,92.9309,55.3,49.7,58,69.9333,81.7034,2220.1705,1269.6947,56.8,63.3143,54.6,48.6667,55.775,41.8147
"UL_GSM2496188","UL",42.4846,70.5,49.5333,48.9,61.175,48.6667,52.2,47.7,382.6455,66.1636,2694.4572,8858.7194,85.9156,52.6,48.525,52.9667,57.08,49.4667,55.7,57,873.7774,61.325,232.7532,51.575,75.6,48.8,251.2213,40.6714,53.1,45.72,47.85,386.819,53.5,76.2522,53.5,55.1,64.2667,53.975,61.4714,57.78,45.9,54.65,149.3795,2320.8855,55.25,64.1778,237.7574,64,53.325,50.85,53.325,4272.8288,57.55,130.3512,50.85,64.1778,66.7091,96.4,699.568,68.5385,47.925,48,48.9,58.5,50.85,59.64,43.0385,8327.8549,47.5667,55.625,57.55,96.1535,51.8,68.9692,57.94,49.4,60.7286,59.56,64.6222,5784.8622,475.9532,52.1,58.82,54.35,49.5333,54.5,44.1
"UL_GSM2496189","UL",41.6757,64,48,48.8,59.6286,51.85,54.8,46.3,308.5764,61.9778,4329.4024,3590.9747,80.7103,58.9,54.38,52.45,51.575,53.4,63.36,62.1333,1157.7951,64.2909,90.8867,52.9,80.2138,53.55,170.6097,45.3286,49.25,46.2,44.9,2288.2388,55.76,83.7769,54.8,48.6,67.25,54.26,53.05,54.44,49,53.4,134.516,3582.6563,55.76,53.175,244.0102,63.28,64.2182,51.65,55.88,2212.2382,61.7889,191.6793,48.15,67.925,60.7375,206.2275,99.1353,79.3448,43.85,48.3,51.85,57.8333,52.15,60.8,47.075,5434.4145,48.15,57.4,56.225,113.1976,55.94,66.2615,58.9833,49.975,62.825,65.7167,135.0382,4314.1041,146.6136,55.16,60.6125,55.76,50.35,50.425,44.9
"UL_GSM2496190","UL",43.5,61.7125,51.2,49.6,63.8222,48.6,52.95,44.4333,236.9307,68,2212.7663,4141.8642,59.1857,52.3,48.375,55.52,54.56,55.64,50.2,57.6,640.421,68.5833,173.695,46.925,84.25,51.575,258.323,43.4077,51.95,49.5,45.72,577.7901,47.4,104.6,49.8,50.3,59.6667,55.95,102.445,54.08,47.225,50.7,69.1667,1879.232,50.85,65,319.3031,56.76,56.225,50.775,53.8,6548.816,62.825,103.1,48.9,67.9,56.45,92.1306,255.796,72.4,47.15,47.225,51.95,57.7,53.1,57.4,43.85,6894.4949,49,60.3625,55.64,139.9146,53,58.34,62.075,46.7,62.75,64.16,57.9,6164.3284,384.3811,56.3,65.9818,63.3778,50.925,57.65,46.45
"UL_GSM2496191","UL",45.64,62.075,46.6,48.5,60.2167,50.35,51.425,45.88,198.8457,66.1,2349.6953,15286.3475,101.7349,49.9,53.4,52.3,57.58,51.425,49.325,58.0333,84.7815,62.25,110.7633,48.075,67.1,48.15,169.3057,44.5,53.475,43.675,46.775,486.3236,52,100.7256,51.2,51.8,53.75,57.08,109.9962,56.3,44.6,52.72,215.0318,2129.0526,49.4667,129.1656,275.264,59.5143,55.58,53.325,52.225,1748.5909,59.4571,155.2789,47.225,61.5875,56.68,88.6172,26134.7105,75.0444,53.75,47.925,49.175,58.7667,58.6333,57.7,43.5,2077.7571,47.7,56.45,56.3,80.3143,51.425,62.1625,62.1625,45.96,67.8,62.5125,53.1,6068.5092,195.5271,53.8,67,60.8,49.9,48.5,44.5
"UL_GSM2496192","UL",43.7,69.5778,50.6333,52.1,64.3429,48.3,58.42,48.95,127.3545,62.6,3868.5521,5414.0117,53.4,52.1,52.2,55.7,61.65,56.075,64.1143,51.9333,517.4354,74.4636,229.3434,47.4,70.2889,60.2,810.5271,43.2,51.9333,45.4,48.7333,1476.4651,51.8,105.8,54.125,52.1,89.0429,46.775,58.7,57.58,50.7,57.46,211.3283,2743.9472,53.5,64.1143,278.4635,61.4833,58.34,54.3,55.3,3452.3983,65.6571,92.713,45.0667,95.2478,54.7,77.2154,628.3569,108.7714,45.48,57,48.3,67.4,52.7,73.5545,46.85,7325.3255,46.925,63.8667,58.6,112.9211,49.5,62.9,64.8,50.1,56.3,68.6222,72.47,7539.7306,175.1304,67.1,57.1333,69.7556,52.3,53.0333,46.925
"UL_GSM2496193","UL",44.4,65.3,47.9,46.7,71,46.7,52.9,47.4333,169.0763,56.9,4720.0408,3713.3113,59.8,44.4,55.925,55.175,57.475,53.7,54.575,59.8,660.4538,72.5273,168.4368,48.525,66.6571,54.1,494.4651,48.1,52,41.2629,46.9,1216.0555,52.2,94.4125,52,51.0667,60.2,49.75,54.65,56.15,46.45,58.18,174.0231,3241.3755,46.45,71.1909,317.3357,57.4,50.9,54,55.7,2841.1565,64.3429,100.6923,50.2,72.5273,61.6,110.8579,214.7919,70.6444,49.75,49.2,53.1,62.2,47.4333,64.1143,39.9429,6205.9336,47.9,60.8,57.625,96.1792,45.48,56.9,59.72,55.85,57.8,65.9429,95.9583,5470.6597,272.5879,54.65,60.8,66.2286,48.1,49.1,47.9
"UL_GSM2496203","UL",45.5,77.6,56.8,52.3,59.2333,51,51.2,45.025,57.5,71,56.6,3135.0166,171.9286,54.35,59.8,55.6,65.8,58.3667,49.5333,58.1,450.4612,63.4667,53.7,43.85,97.7778,61.4,930.3056,50.2,48.6,52.6,43.7333,1298.0374,56.6,216.9526,52.3,52.1,54.95,52,151.3824,59.4,55.2,53.7667,332.4777,70.68,45.275,73.5167,356.5186,61.2,77.1,52.2,49.5333,5074.6836,61.775,47.4333,50.6333,95.7375,197.1143,292.9333,313.3819,106.1556,40.5889,51.9,48.1,49.5333,51.8,55.7,40.9556,2718.7189,47.2,58.3667,72.26,278.5458,50.5667,138.4923,60.6333,50.5,65.55,77.1,243.487,10322.8498,74.35,51.2,99.8444,54.2,47,52.6,44.3167
"UL_GSM2496204","UL",49.4,61.3143,46,51.5,58.18,48.3,51.3,43.1727,432.0849,62.0167,2104.1954,4134.7076,113.05,49.2,51.3,53.975,58.58,52.75,52.675,58.18,291.4388,62.1333,64.2667,44.2,66.7,48.1,143.9235,43.3909,49.4,50.8,47.15,764.3267,52.75,86.45,55.55,53.7,60.9714,53.1,67.7818,60.05,44.9,55,66.7,1776.8023,54.425,59.8,286.0485,60.3,60.55,53.3,57.58,4947.5271,72.3125,109.6204,50.4,61.9,62.825,66.3,206.0897,64,49.4667,53.7667,49.3,62.675,54.35,57.58,43.8889,5810.4964,48.3,59.2333,60.6333,110.1102,53.625,67.7818,61.4714,48.1,61.8286,60.3,69.1846,5643.2486,1076.1633,54.5,61.5429,59.2333,49.4,50.3,43.8889
"UL_GSM2496205","UL",44.9,65.5,45.64,55.55,63.4,46.1,56.48,46.575,203.9831,65.6,2984.8842,3557.5782,79.0909,50.7,53.475,51.85,57,51.7,59.2,60.9714,659.0959,61.1429,55.16,48.3,77.6,52.7,230.9377,39.2276,52.45,44.2,49,627.5495,48.8,85.4087,51.6,49.5333,76.1,51.7,52.9,61.2286,44.8,54.425,131.95,2413.5624,51.4,57.7,246.645,57.78,59.8714,51.95,55.025,1938.3781,58.1667,130.0333,49.9,64.5,57.94,111.6889,312.4611,70.3143,52,50.275,51.15,58.4333,54.05,65.7,44.3,6278.2607,46.85,53.75,59.2,106.1918,55.88,65,59.1,51.05,56.3,65.8,56.3,6622.8739,225.7642,54.05,64.1,55.76,50.5,50.5,44.2
"UL_GSM2496206","UL",45.7,69.2,51.35,47.2,61.1,51.6,49.1,46.5333,202.8857,71,4542.3102,235.9674,48,48.7333,51,50.85,63.36,73.4125,50.85,61.65,320.9778,68,49.1,54.6,66.3,52.6,599.9927,44.76,50.5,47,48.45,845.9835,50.85,82.2,51.35,54.5,54.6,51.6,70.4667,52,41.09,48.45,161.225,3268.011,50.2,55,335.8696,58.2,49.5333,50.3,57.9667,156.8375,62.46,68.6,47.4333,79,55.8,97.5625,2779.8196,54.1,45.3,46.5333,48.7333,64.8,56.1,65.8,43.2818,256.8078,52.6,66.8,56.5,63.36,55.3,54.1,61.9,46.8,56,65.6,61.9,6221.8359,2828.1071,58.1,61.25,70.4667,45.2,54.35,45.2
"UL_GSM2496207","UL",46.45,62.18,51.4,52.3,62.04,49.2,49.6,48.3,197.475,78.0545,2943.6535,1338.7133,53.625,48.225,53.4,54.8,55.55,51.5,49.2,60.4,153.0727,61.04,61.5667,47.7,101.67,51.8667,1013.027,44.025,51.8667,47.2,43.9375,588.2042,53.7,96.0882,52.3,46.575,56.7,55.025,186.89,58.02,49.8,54.7,208.9523,2098.7288,46.1,51.4,431.4289,61.4,56.525,52,57.78,1502.7626,61.4,129.7257,48.6667,71.7,53.55,158.93,183.02,61.16,51.2,49.5333,46.575,60.8,56,64.2286,41.8075,1205.7709,49.9,58.9,57,117.7867,50.7,56.45,59.6,49.6,55.4,56.8,59.5,5652.1888,921.1997,55.925,70.6444,65.9667,47.2,52.5,42.103
"UL_GSM2496208","UL",43.2231,60.7,48.6667,52.6,64.8,47.4333,51.3,49.8,187.8896,67.4857,2356.148,669.8036,56.225,52.7,51.9333,48.7333,64.5333,62.46,51.5,59.7,1503.1312,65.3,58.18,45.88,60.4,49.7,621.8374,42.4846,49.7,46.12,48.95,612.8965,53.8,80.8154,52.9,51.9333,55.925,53.8,59,55.625,50.4,56.15,266.4475,1766.2115,50,61.5667,343.3326,56.9,62.18,53.05,55.475,4624.541,60.8,194.5929,46.2,67.3143,54.275,132.3882,48.2,70.4667,44.2,51.65,48.375,62.32,51.8,64.2667,42.8538,5419.393,47.225,60.92,60.1,131.4941,49.1,53,62.7,50.9,54.6,60.8,61.65,7162.6526,55,52.4,63.1,61.8167,50.8,51.9333,44.6667
"UL_GSM2496209","UL",47.9,64.3556,50,54.68,58.2333,48.7333,54.425,45.3167,455.9,63.7,2569.9042,1875.99,51.2,51.1333,49.7,54.56,57,57.52,54.5,57.9667,54.35,70.1273,45.6,47.8,66.1,53.475,1047.9697,45.15,51.5,46.775,48.9,220.681,53.8,98.3929,52.45,48.4,167.0652,56.15,60.2286,56,51.1333,50,239.8787,1777.2178,43.5,50.2,397.0091,59.8,54.35,50.5,58.9,1798.9477,59.9429,88.46,42.3,70.2727,58.5667,56.05,55.7,67.64,48.15,48.4,47.8,84.8529,53.8,63.4,45.96,7028.3805,44.2,56.6667,63.6,150.2857,52.75,59.55,56.8667,48.15,54.74,67.52,110.6,8119.8283,4126.775,60.3,55.625,62.75,46.925,52.45,51.2
"UL_GSM2496217","UL",47.15,62.5417,54.3,56.375,69.12,55.2,51.96,49.9,566.3928,67.4,1461.1724,5787.4348,87.7,52.9333,51.74,58,55.7429,54.5,54.85,58.4556,171.5577,63.6267,58.1889,47.075,76.2176,52.5,403.1781,40.4826,52.9667,49.34,44.4625,621.7812,51.74,93.5672,51.32,51.32,76.3941,58.5889,66.7474,55.2,45.8667,54.35,325.1943,1231.3778,52.5,91.7397,288.4928,57.9,59.15,50.925,55.7,5039.2499,59.4444,302.9993,45.15,58.6778,70.4182,83.6643,158.1615,72.0111,47.7,51.16,48.98,56.45,56.375,56.45,44.725,13992.2647,45.5143,53.46,54.95,104.7918,52.9333,72.4,61.9,50.38,55.7857,63.0125,95.3948,4966.1271,121.1516,57.5125,63.6267,55.7857,47.075,52.75,46.5
"UL_GSM2496218","UL",51.3,70.0154,47.775,51.7,60.7286,51.1333,52.825,43.2818,299.98,74.8647,2194.4782,2149.209,55.475,55.55,51.95,50,56.92,55.475,48.8,50.6333,568.2348,60.2,50,44.1125,76.35,54.725,487.1128,41.9174,53.6,45.48,44.7833,1234.1007,53.5,78.15,56.68,55.7,64.4444,53.8,74.5706,58.5,48,54.8,198.1243,1977.7932,53.7,52.5,260.1251,61.3,56.12,53.6,54.8,185.0452,71.15,242.9388,48.3,62.2,53.1,99.0957,56.24,60.7286,45.3167,52.1,48.4,64.5333,49.4667,56.76,45.0667,110.2923,48.7333,55.475,58,109.6769,54.35,66.7,60.4429,48.6667,57.9,64.5333,68.1167,3977.9414,5799.717,53.8,68.4667,59.0667,49.2,50.5667,45.48
"UL_GSM2496219","UL",48.2,79.9091,41.86,48.3,67.8,51.0667,48.95,46.1,167.3,64.64,2802.5751,2082.5056,48.2,49.6,50,48.7333,57.1,56.7333,48.4,59.48,260.6355,59.15,180.8222,48.95,64.16,53.6,481.6171,42.9545,53.6,47.3,48.5,417.7561,50.7,110.28,53.7,51.9333,61.4,49.3,172.9389,56.1,53.3,54.3,185.1222,2085.1125,50.1,55.8,328.1486,60.425,58.2333,49.4667,59.925,6160.1665,62.6,96.6696,45.2,77.4,55.3,99.0957,2788.9379,58.3667,49.1,50.1,52.4,61.9,59.925,62.96,45.2,4004.5631,45.8,66.1333,64.32,126.4649,46,59.72,69.05,51,54.9,68.35,60.92,5053.4486,150.2451,55.2,57.7,64,49.3,53.4,42.7364
"UL_GSM2496220","UL",41.9526,67.9143,52.6,52.375,67.4,48.6,51.8,44.9,777.6495,60.1125,1277.317,1505.9771,72.5,54.125,49.6,59.7,57.65,55.7,48.6,58.1667,1947.6415,65.4923,310.0376,49.2,74.7304,51.9,250.7458,37.7842,52.375,51.5,44.1125,7335.1691,56.05,87.5973,55.04,53.9,66.9714,56.05,147.4045,65.2615,46.4,52.675,291.8768,1063.1578,52.15,67.4,259.687,62.96,57.9286,52.825,58.8429,1015.87,59.925,264.4583,44.7,66.5857,63.7091,628.2257,72,63.7818,51.8,53.55,52.75,57,55.4,56.54,47.15,3524.8251,46.6,54.98,55.4,142.2636,51.725,66.5143,68.0778,49.4,61.4556,65.8,2290.1261,5060.9345,54.725,53.25,62.1333,55.46,53.9,57.1333,42.1842
"nonUL_GSM2496194","nonUL",45.5,86.3,52.9,52.3,53.7,43.14,52.3,48.6,565.725,49.5,1819.0576,375.4297,62.1333,55.25,49.6,50.2,59.8,60.05,52.9,50.35,3647.8013,55.25,1091.9525,45.7,51.65,51,472.5962,41.6714,61.7333,54.05,43.38,5620.4324,50.85,104.297,50.85,53.9,59.15,55.55,173.7488,50.85,51.5,53.4,146.25,1523.4501,54.5,57.4,241.2206,61.4,53.4,52.9,48.6,114.8718,72.5,153.75,51.35,61.7333,68.56,703.3208,60.3,60.8,49.1,52.9,53.1,58.1,54.65,60.6333,47.3,830.2335,44.1,55.1,61.5667,57.2,51.65,81.6,52.6,46.2,65.3,77.7,1162.2176,4233.963,52.45,55.4,65.05,61.9,45.7,47,49.25
"nonUL_GSM2496195","nonUL",48.7333,68.28,50.5667,53.9,59.275,51.65,49.4,48,493.3668,59.15,1590.1865,234.3021,62.46,48.6667,54,54.7,57.1333,64.1333,50.2,56.6,3085.5583,69.26,515.8506,49.5333,58.9,53.1,498.2447,46.2,49.4,50.35,47.1,6842.3624,50.7,78.6,51.0667,55.9,68.14,55.1,107.0138,57.2667,47.2,57.5,165.68,1488.2989,52.9667,90.9545,217.1313,61.7,58.9,53.0333,51.8667,63.1,64.925,198.0762,56.1,66.6571,58.2,521.9365,78.2667,72.575,49.9,49.4,52.7,55.4,59.9,61.4,45.9,209.2583,44.62,54.7,62.6,61.04,53.0333,72.575,59.6667,47.85,55.9,71,321.3197,2614.116,51.5,56.3,60.3,54.95,44.2,50.6333,46.5333
"nonUL_GSM2496196","nonUL",48.8,64.64,53.55,51.35,58.6333,47.9,54.95,50.85,427.1829,57.1333,1589.6078,1388.8261,71.175,47.5,52.3,54.7,57.4,57.1333,51.35,58.5,3029.5642,65.3,702.4992,47.9,54.7,50.5,881.0395,41.2,53.55,52.15,45.7,7045.209,53.7,84.1609,50,58.3667,60.1333,52.75,250.1007,67.3143,57.8333,59.2333,247.0261,1355.8731,64.8,80.6842,260.28,72.225,58.3667,50.6,51.35,191.4906,60.3,172.3972,48.7,67.1429,72.75,665.6918,431.705,58.2333,49.5,54.2,54.7,65.6333,51.8667,55.9,44.9,598.7041,47.9,59.2333,58.6333,63.84,52.3,73.4571,53.1,52.45,60.675,60.8,588.5886,3583.986,59.8,55.9,63.08,56.8667,50.2,53,48.8
"nonUL_GSM2496197","nonUL",56.06,66.2545,51.425,51.0667,60.4429,49.6,53.4,43,459.931,70.3143,1780.0956,384.0526,75.2053,50.6,48.5,55.775,53.9,56.12,54.8,60.6571,3728.1204,68.5,1403.8176,48.6,79.1333,52.3,293.3144,41.8563,58.9,51.6,42.4,3180.8372,49.4,80.0667,57.64,55.325,62.9429,58.9833,248.4337,57.78,48.6667,52.7,168.0535,1396.6437,51.9333,61.0571,308.9223,63.3778,53.4,49.6,51.9333,67.3,62.8571,197.6789,49.4667,71.8647,63.1143,1083.186,59.7333,76.3826,48.5,48.7333,50.55,59.4,53,60.2167,46.85,204.9559,47,59.0667,58.1667,122.2977,61.7333,67.4,60.7286,48,66.3455,61.3143,92.425,6102.262,54.275,57.16,61.7333,57.64,44.55,55.175,41.4126
"nonUL_GSM2496198","nonUL",43.3286,63.28,53.25,48.8,53.4,50.425,51.65,47.075,367.3603,61.0571,2641.8803,136.1964,54.35,50.2,48.075,51.2,52.5,53.75,54.95,57.08,7727.8238,73.4571,293.3222,49.175,83.6094,53.7,159.2,39,51.1,49.175,51.3,9819.0105,51.725,86.3,58.0333,53.175,59.4,53.7,91.9065,61.525,52.95,58.42,132.3618,1978.2444,52.825,94.2109,220.1505,61.8375,55.25,48.7,52.6,65.8,64.0727,216.3816,48.65,69.6,59.2571,1493.238,89.0789,67.4462,44.9833,49.675,51.575,59.8,52.6,60.3,47.15,169.413,51.5,57.58,65.5273,128.22,59.6,64.9818,63.76,46.85,56.42,63.84,680.5384,4829.634,47.3,54.68,62.8667,58.8333,49.4667,51.9333,43.9667
"nonUL_GSM2496199","nonUL",45.3167,62.75,48.9,49.6,57.4,51.05,52.525,46.7,347.2614,61.9875,1371.1857,223.6452,58.8333,49,50.4,53,58.3667,55.625,49.9,58.3,4506.2556,67.1,519.6277,49,82.5565,48.9,246.9288,39.2705,55.55,44.9833,45.0667,4114.8219,46.2,93.1921,51.95,49.9,60.0857,54.2,193.9691,57.8333,47.8,54.05,74.5706,1274.5286,47.8,53.64,313.7448,54.95,58.1667,52.3,56,118.7964,60.8857,128.7583,49,67.6,58.4333,1034.924,56.6,63.2,45.56,50.6333,49.8,59.7333,53.25,61.4,44.1125,327.8963,46,58.2333,52.95,116.48,54.125,57.9667,61.6143,49.975,54.65,65.2545,172.7,6482.8,55.625,54.2,57.7,58.6333,48.4,51.6,46.2
"nonUL_GSM2496200","nonUL",49.4,66.6462,50.275,54.125,62.9333,50,52.6,49.325,263.4637,76.2818,1711.344,318.0545,67.7231,55.28,54.86,51.3,56,49.325,53,64.2909,1936.0233,60.8,656.0069,46.575,82.9321,52.825,206.9819,43.0385,58.1,46.925,44.9,9423.5747,44.8,98.1302,55.1,49.75,60.3625,53.78,145.8866,59.1857,47.225,53.78,280.6677,1445.0758,50.85,234.7167,290.5464,61.5875,56.7333,49.9,55.34,94.1081,57.55,261.4786,51.3,66.7231,56.9333,761.9373,166.378,69.72,49.4,47.075,48.9,60.3625,53.78,59.8,44.2,277.3592,45.88,57.7,56.9333,129.9544,59.8714,61.65,58.7,52.825,62.8667,61.9,803.9367,7141.38,48.7,59.4,58.2333,61.5875,48.7,48.3,43.5875
"nonUL_GSM2496201","nonUL",43.5,60.8,54.875,52.9,64.1143,50.5667,51.5,43.1308,188.4959,64.9429,1509.7454,1683.5592,51.3,58.26,49.1,53.2,65.6571,59.6,50.275,60.7167,2893.8388,69.9333,2049.6529,46,69.0889,58.34,478.9556,39.8486,55.85,49.25,47.7,2406.0706,55.925,90.0895,53.0333,51.8,60.3,49.9,122.1739,59.1,49.4,54.95,145.3279,1309.4235,44.2,56,299.4514,52.9667,50.1,53.6,55.85,212.6529,62.6,103.5412,48.7333,69.4,55.3,562.6887,133.1119,57.9,48.875,47,48.5,55.025,54.2,65.6571,48.1,222.5,45.2333,64.8,54.2,120.155,53.975,55.775,65.2286,49.4667,55.025,58.6,125.2783,6784.17,49.9,57.7,65.9111,61.8,48.95,53.975,45.9
"nonUL_GSM2496202","nonUL",43.4,66.0857,51.1333,51.8667,61.9,52.8,52.225,46.575,214.159,63.6,1832.1853,627.1667,49.4667,52.5,53.3,52.9,57.4,55.85,49.25,59.56,1104.3257,71.4667,1098.1999,48.5,100.0345,60.3,474.4497,39.0478,59.72,48.8,46.85,6603.4778,51.2,96.6138,48.8,52,58.74,55.475,115.3957,56.5,49.4,56,104.7818,1439.7925,47.3,50.8,281.8115,73.1,53.2,50.425,60,438.4953,65.2286,67.4,53.8,74.4462,56.84,455.6456,60.1,60.7,49.4,52.15,48.2,56.84,53.5,65.2286,44.9833,710.6126,50,63.0286,59.2,95.4185,46.775,53.4,64.1333,46.45,58.9,66.95,445.0937,5281.745,60.5,55.325,67.85,67.55,49.7,56.3,42.2043
"nonUL_GSM2496210","nonUL",49.825,73.6208,52.675,52.2,65.5857,51.425,52.675,45.1,1131.7058,69.3222,1300.1667,270.6324,68.6222,51.0667,51.6,62.72,54.425,50.6,55.4,56.48,1797.6015,61.775,577.1395,49.9,96.6255,53.625,220.4593,43.2,56.42,48.3,44.6375,17362.0317,51,82.8212,53.4,57.65,70.6235,53.7,229.9462,58.6143,50.6,53.25,285.7,1144.225,51.7,97.64,280.8,62.0556,52.75,51.275,52.6,85.803,60.2286,230.9276,49.6,63.02,96.9636,681.0464,248.207,69.9647,44.6375,51.2,51.275,58.7857,52,56.42,43.1,478.7912,50.6,56.3,52.825,134.7551,60.4429,87.5,60.5857,53.175,64.7273,67.4857,4247.9377,5564.177,52.9667,55.325,69.6824,58.18,47.7,50.3,44.1125
"nonUL_GSM2496211","nonUL",48.8,67.7818,51.0667,51.7,61.8167,51.1333,56,44.3167,568.7648,57.58,1612.5461,298.4438,79.3826,48.3,46.575,48.4,55.25,54,51.9,58.58,2816.2083,65.5778,995.997,48.1,76.0737,49.7,175.7353,43.9375,55.7,49.25,48.4,10602.6363,52.7,88.1353,53.175,50.8,61.5667,50.2,189.0147,59.64,45.9,55.4,127.608,1382.7999,55.925,72.4437,273.3469,64.8,55.625,50.5667,47.6,126.112,63.9,213.2373,49.1,72.1813,60.2167,622.0768,145.208,63.5,44.55,50.2,53.6,59.4,51.0667,58.34,45.2,336.6384,48.8,53.1,56.525,122.848,59.2333,61.4,62.7714,48.5,53.1,65.1333,988.4769,4961.415,57.3,57.9,58.66,57.46,46.925,51.1333,42.0034
"nonUL_GSM2496212","nonUL",47.9,64.7111,49.4667,48.5,60.3714,51.85,52.2,46.925,314.8343,70.8769,1383.7698,227.8305,66.1636,53.975,53.1,51.1333,57.2667,51.8,53.4,57.2,3293.8851,64.9,1496.8837,52.2,78.6,58.8333,331.9982,44.7833,95.4914,47.075,47.4,8961.137,56.18,90.4379,53.475,52.375,69.8923,53.0333,564.7217,55.85,46.2,51.35,291.733,1285.0511,54.425,70.7538,384.064,59.8,58.7667,54.2,56.6,94.8857,63.9,177.6357,47,66.5273,67.3455,1234.112,65.5,70.6308,51.1333,50.5,52.375,61.8375,56.18,60.7286,43.675,212.2171,45.48,58.02,61,105,57.625,62.4,65.8909,49.3,60.5143,63.7,334.7496,6891.13,49.7,57.94,60.2167,59.1,50.1,51,42.1
"nonUL_GSM2496213","nonUL",44.55,69.6,51.0667,53.7,70.6,50,48.9,48.7333,248.8772,60.425,2141.9502,327.5916,50.6,52.3,52.3,55.7,57.475,57.2667,48.8,58.8,3213.5899,66.8,460.0249,48.6,80.4,53.1,593.3856,42.3,60.425,46.9,45.6,8583.3322,52.3,115.1938,49.25,51.35,55.4,50.6,281.0516,60.425,48.6,55.625,243.3327,1630.3266,50.6,64.5333,370.0097,77.1,55.625,49.4667,49,514.9222,62.46,131.9256,48.3,67.6571,61.1,611.2294,234.6832,62.04,48.6667,51.1333,51,58.8,53.7667,70.6,46.0667,561.8771,48.7333,62.18,67.3143,108.1385,48.6,53.7667,67.3143,46.575,57.625,64,747.1075,6592.042,54.4,55.1,60.425,71.2625,47.4333,57.7,42.42
"nonUL_GSM2496214","nonUL",49.75,65,52.75,53.1,54.3,49.6,54.2,49.25,273.086,77.1,1986.5859,75.975,49.6,51.35,53.8,58.6333,65.8,61.65,46.3667,56.2,1998.1553,62.6,773.9125,47.2,77.1,54,657.0521,44.34,56.1,50.7,51.1333,3514.5089,51.0667,93.3714,49.25,46.8,54.2,52,350.7591,57.7,47.2,54.2,122.0452,1936.1433,47.1,60.425,441.7725,75.6,70,58.2,58.7667,200.7537,63.84,87.7769,49,66.8,55.7,576.0727,54.2,66.4667,48.9,50.6333,46.3667,58.2,56.7333,63.05,48.4,320.9493,47.3,67.04,60.1333,123.3613,52.15,58.5,68,49.4667,54,67.52,207.6881,5952.973,51,57.1333,60.675,63.36,54.65,51.1333,46.5333
"nonUL_GSM2496215","nonUL",46.325,65.925,51,54,78.3273,48.8,46.85,47.7,247.32,62.3667,2006.4213,84.25,56.075,54.5,48.7333,53.3,58.3,52.6,47.6,59.72,1997.9364,59.4,825.544,51.725,92.3045,47.8,605.3689,44.4,48.6,47.4,49.4,3473.4109,51.2,112.0341,49.9,50.4,52,51,103.6,58.1,52,58.02,138.6471,1480.8517,49.1,91.3409,334.8599,68.525,57.94,54.65,58.6,69.8,62.4833,105.1,45.64,71.84,60.2,586.4663,59.48,61.8,45.4,52,47.3,59.64,56,68.7,45.4,216.3,48.5,55,66.175,94.9545,52.3,51.5,59.1,49.7,57.7,71.84,1211.4991,5100.135,48.5,51.725,61.7,63.7333,49.4667,61,47.9
"nonUL_GSM2496216","nonUL",47.075,61.0571,53.64,54.92,55.88,52.95,54.575,43.7333,726.3827,58.7,1632.0421,199.3587,46.94,55.64,53.46,50.5667,70.1385,54.275,50.1,59.1857,1944.2398,61.9,992.9002,45.6667,69.4,53.46,648.0734,37.9286,52.4,45.6,43.6556,8590.6434,51.4,95.3742,53,53.4,89.0692,54.92,108.7818,56.6,49.6,55.4,190.381,1091.4076,50.275,52.5,353.4973,60.6333,57.7,52.5,58.0333,212.1808,58.8333,86.8538,46.575,62.6857,55.4,830.8702,60.3833,66.2444,48.3,51.3,49,70.5077,53.58,59.2571,43.1308,622.1594,44.7833,56,61.4,133.45,49.1,60.55,57.9,46.94,59.8833,78.0706,7604.0221,6156.971,51.725,57.9667,65.5,71.3,49.6,50.2,48.15
"nonUL_GSM2496221","nonUL",49.5333,67.6,50.6333,50.2,62.6857,48.9,50.5,47.2,333.9169,69.8571,2194.8792,660.8944,59.72,54.2,51,54.725,54.8,52.825,52.1,63.4,6855.9959,64.6,170.27,47.8,76.5474,53.0333,383.658,42.4,56.6,47.7,45.8,4488.6672,50,84.0222,53.3,53.0333,58.1,52.1,201.6956,58.18,48.15,55.475,184.4607,1837.8157,52.5,87.05,247.8395,63.9,61.2,50.7,56.84,255.391,68,308.8505,50.6333,71,55.85,487.7066,100.6341,60.05,46.45,50.7,50.4,61.4,51.8667,54.4,47.7,410.9448,44.1,59.1,54.8,88.4,54.1,69.1667,61.5667,48.9,60.4,62.6,233.0444,3676.628,669.4027,54.725,62.8571,51.6,48.9,53.0333,46.1
"nonUL_GSM2496222","nonUL",46,61.1,51.5,49.25,62.04,49.5333,48.5,48.1,164.6,59.5,2451.2007,443.3895,49.75,47.4333,52.3,56.45,63.08,55.3,51,54.5,275.2883,78.2667,57.4,47.1,64.2667,55.1,138.7846,45.4,54.6,44.9,45.1,3868.9898,50.85,91.7625,50.5,52.3,52.9,47.7,87.3286,54.8,47.7,59.6,53,1864.2062,48.5,52,337.1727,67.8,59.4,55.9,56.8667,93.0875,61.5,48.8,47,95.4063,58.2333,125.9636,61.6,68.4,52.6,49.9,46.2,63.36,48.2,64.8,40.5321,350.7279,44.9,62.6,55.1,76.9333,45.6,54.2,57.1,48.3,60.95,66.8,601.5935,2427.072,58.5,60.8,68.2,78.96,49.1,54.3,51.2
